sha,category,timestamp,family
b1e5546b14431d75b17f9d7e54945b21b73a7dd826825f86521a646f52245f80,trojan,2019-08-30 07:47:09+00:00,ceeinject
9b02c24b12e26c8007f607df2448ad4c14d1b2cd4ab5befad60d33e748f8f3f1,trojan,2019-08-30 08:03:30+00:00,ceeinject
d3704c37448fc1ba12fb43a1bd91f07e4551e75b5839ed7abc0abbc494c08fa5,trojan,2019-08-30 20:45:15+00:00,ceeinject
412e302da41fc0e9117c2fd4ee855ec8b08d061b60f1de5954cb3c75c824a43f,trojan,2019-08-30 22:28:39+00:00,ceeinject
80c94f75bce2fda03af0907b78e369d235971559f7507cc9992d5389339045b9,trojan,2019-08-30 22:45:12+00:00,ceeinject
551c738ef788ac495b40669860dd9de2c40e896856b4137e1dc12ff9ac8edcc7,trojan,2019-08-30 23:40:00+00:00,ceeinject
96c85a5020efc8c451cf610eecfe6ad7138ee7ea94dc9966ed647c5725a69add,trojan,2019-08-31 23:55:53+00:00,ceeinject
5e0c2bd235942e15167d060edb66dc7dcd103c6c2179fa6a61cfd4420fec666c,trojan,2019-09-04 22:15:02+00:00,ceeinject
801646f0dae971a58c09cb9613478bc4d6a75431c17117dabc8eb71627139192,downloader,2019-09-04 23:06:37+00:00,ceeinject
9b5ddc78e9f86273fb38f2b4ead848e3c077511975a0da46c2a3ffc0c6b90e44,trojan,2019-09-06 21:30:14+00:00,ceeinject
2ef869e88b1f8f2f8dc2e144165219970706fb0ea1dc6299243cbff43d766ad4,trojan,2019-09-06 21:40:45+00:00,ceeinject
76f8e1086cdd300e7c6fe8d4a74d52a3d2bb56908a281aedf93f1b7bc58c059d,trojan,2019-09-06 22:10:05+00:00,ceeinject
52014bbc2bb00b39ec00f0f8c1e936dcd4379fc77bd5d6259fb20830e49f978e,trojan,2019-09-07 22:19:07+00:00,ceeinject
db9dfa0c14b21cad2b672139ab16787827d4a7f786103b087c37e63c2a550a80,trojan,2019-09-09 22:07:16+00:00,ceeinject
c59b7635b8bd484f73fdf2442d4a53f6c3f1d7a15f4c301c2bfe93154ee40395,trojan,2019-09-10 22:30:26+00:00,ceeinject
d60ac8c32ff28be0933ac3e3a0614f8fd47be56c2e064a6ba79fbc4ba89900f6,trojan,2019-09-10 22:32:10+00:00,ceeinject
6f5a22be8a1619fc0e6e5cd1291d3bd55639f12963a8f4028579d3d49609afbd,trojan,2019-09-10 23:04:05+00:00,ceeinject
0639298e9669ce10ca2615ae2ed5a6f52b263c65be2519ffb8d8e5a0714df107,trojan,2019-09-10 23:35:15+00:00,ceeinject
56b08ffa6d13818b00548e818a8daf8d278cba8c6297924d1313070d54b6e356,trojan,2019-09-11 22:11:13+00:00,ceeinject
730fdbd08686bc55eb9c35be7db3d063b24ea95f08eefee700e33c9456513608,trojan,2019-09-11 23:54:35+00:00,ceeinject
53605f11d85dbf4e78cae40f801093ebf977458f379b85bbc8d1ea02a76fcd1e,trojan,2019-09-12 23:00:23+00:00,ceeinject
50efea57ad628be69c8b5641af6e616382c4623cd089a4c747364ca463d72b7c,trojan,2019-09-13 23:01:05+00:00,ceeinject
6c1ce6e268bbd4b1f4f6fae0f288830008317001f13d2f87910e0a32d07b2085,trojan,2019-09-14 21:49:30+00:00,ceeinject
9bd4d8c81e0528ba9e1948b507210c8c6c1b1dbfc6b2e13eed30174941f936ca,trojan,2019-09-15 22:38:37+00:00,ceeinject
b561de1d357edaea9606dcf0f5abef742aea4505e7f95dbf8d06fe08040fbbee,trojan,2019-09-15 23:25:22+00:00,ceeinject
d36aecc90ce08db61f066d02ce1131580aec81f806434eb114cf50a08cf4a867,ransomware,2019-09-25 09:33:49+00:00,ceeinject
2b97ce7487dbad6d1a994f2b089bf38720f56cc638abf9ee58a77c050e365b0a,trojan,2019-09-25 11:05:09+00:00,ceeinject
fd0b4ffce088f563f1e4370f717ac1a92fc3fa3b89c94d5396355d30ce9445fe,trojan,2019-09-25 11:11:10+00:00,ceeinject
4b18e6bf9a81123ee0ef8cf264cc7b9edaddfd77ee9a0e8036ad8ddbb6eb59dc,trojan,2019-10-01 11:39:41+00:00,ceeinject
d2a83c5b2b50a2d38a543bffc6a56f559d490287a9aaa24aa61ebd8eb50e7a3d,trojan,2019-10-01 12:47:27+00:00,ceeinject
124a3ab43373d3d6981429989a40ad82aaacd433926506d0099d21de2be92471,trojan,2019-10-02 11:07:10+00:00,ceeinject
59a180498a11f388093b9b41da83587475b509a6f6c7f56a85acf611076d39e0,trojan,2019-10-02 11:55:38+00:00,ceeinject
9bcdb454cba10cf9aeafcc10fb0a210bd41c836f9d86f8033b51c1f9f58c248b,trojan,2019-10-08 09:58:28+00:00,ceeinject
22b7eac831e40dda0fb2db8b7535fbc9d19d00e0858a35229106fd88de6f27c4,trojan,2019-10-20 12:18:32+00:00,ceeinject
ab601d5077625ac9fc1c81cfff7e9147333091de6191396bd51b59319334f93e,trojan,2019-10-20 12:19:28+00:00,ceeinject
1e70ca75ee0112c3768593b3ce1a55498c4fbeb151d65e7a46afcb76e41ab220,trojan,2019-10-24 08:42:16+00:00,ceeinject
6c20a6359f3f376500d2f2f9f5eb090374151b27db6c402fcc2b5ff5ad6576ee,trojan,2019-10-31 10:36:30+00:00,ceeinject
3b7ac5217040baca3f5a88f5034c43ac138b869e522f636184802a5e008e9558,trojan,2019-10-31 11:25:49+00:00,ceeinject
5564f479a531bc6eb94125cc8df18684681d1e043675583796b330861d3b09c3,trojan,2019-10-31 11:58:28+00:00,ceeinject
7aa7f3387fa6b556dcb2ccb79bf7e097fd152da4c959c914c85f7c05990489bc,trojan,2019-11-01 09:53:38+00:00,ceeinject
c13b2dc08b5be02ce6db927e8f2feb3a58671b7798129df8abefc01f3bdf523c,trojan,2019-11-01 10:39:29+00:00,ceeinject
bd8f2453d31a1a3a76e9bfe7696fa2122313bc5b9539b889dea9ffaffc6b1578,trojan,2019-11-02 10:23:46+00:00,ceeinject
337c3c091474510a136c86b0656441b640aba2116bee78fe244da1487b774307,downloader,2019-11-02 10:49:05+00:00,ceeinject
38fdcfc61ad90c48048df1c5aafc8d3156f4161ff8726cc03f1c2d4365202e7c,trojan,2019-11-20 22:01:07+00:00,ceeinject
20241370a830c0e8b57ee94a2223cec08319d6afe6ea7d2a106f8820b5df75e1,trojan,2020-01-05 22:00:36+00:00,ceeinject
36703facd565188e87a563cc2c33c8456c6a6440af36981b2a4da652c4dec208,trojan,2020-01-07 22:00:30+00:00,ceeinject
31426ac9d019b6f7ea07a0f4432175b956719c94ca9524d5394484586e318b40,trojan,2020-01-22 06:01:26+00:00,ceeinject
503624731f2c7b62c664750f7469d86fa5e34296a8a09860ef0722798f706bfb,trojan,2020-01-25 22:00:36+00:00,ceeinject
4558f5f4d96905acd6883c7eed9deb9001a05d8dd12faa5250debac8b847024a,trojan,2020-01-29 05:57:44+00:00,ceeinject
a5bbbfa24b2c85787a8bcd9e9f0eda360c70e8691bb62ce5da3eb2e9a3ca1352,trojan,2020-01-29 06:00:08+00:00,ceeinject
86ed1efbdd333bd3b60f391f6fbd32e7c4a19716bf1eadc38a5ecf71110e5eff,trojan,2020-01-29 06:00:19+00:00,ceeinject
e838b45ee8c2134bf6596e8034703167d7109e6a619f1d88f2d88c98542ef896,trojan,2020-01-31 21:58:56+00:00,ceeinject
38a5d7e45bc93aaef392ceb069383e768d3886212b9e0d7d669dd28c722ae3d7,trojan,2020-02-03 06:01:06+00:00,ceeinject
1a2406b196d99f5407bf7b9e67209b808a9f4f5416c73a9eff6149d0387e8b4b,trojan,2020-02-03 06:02:02+00:00,ceeinject
1f4cd929a597cc10886b9aa3589f0f9d10284a7925e8b554b029af00adb9c1c4,trojan,2020-04-03 22:59:33+00:00,ceeinject
f6001a881e4c30ab15bba72bda7c149133f55ae2e27701c3420211dddf80239e,trojan,2020-04-05 22:59:36+00:00,ceeinject
9cf58e59410e08c6f711d6f5163012af97f9fa8944a1d70713c62869f12148dd,trojan,2020-04-06 23:00:08+00:00,ceeinject
eb8b6cb2d293ef8cf269c761f504ce1d2c38796c42e4bba3b186846fff44eb72,trojan,2020-04-07 22:57:26+00:00,ceeinject
60de2b4db1abc6f9817e9294e239e4e4afdcbcf730d6b83749babfb420f6ad5b,trojan,2020-04-07 22:57:28+00:00,ceeinject
8bfde08bfffa9719e099560b22981aabce542485d023e1a8a0adca14393d4a89,trojan,2020-04-07 22:57:29+00:00,ceeinject
72466a23db0a4a84c00a2062c152bf134682c9306e98254919f6377d1cc4796c,trojan,2020-04-07 23:00:32+00:00,ceeinject
1b6d4767c0d1efdbd686d1db6d518106f7458c9dbfc2f69b01856c6e771bf040,trojan,2020-04-09 05:58:18+00:00,ceeinject
2875608c96934f3b01938339d49d873342843f533e0c13d9d94e7244fa00df22,trojan,2020-04-10 22:55:47+00:00,ceeinject
ad5fe540c3716a409e106905db6c8485e6fa4cdf6270c7dbefb2714d25114ba7,trojan,2020-04-10 22:58:32+00:00,ceeinject
87908275f3f927971e3cd19d0e45382c286fa86b22911bb35a7ae0442105e7ea,downloader,2020-04-14 23:01:01+00:00,ceeinject
dc18f6ef267fdc3a898f32e34ab89801b7d1e5dd53e8dc57043ce1d1047171b6,downloader,2020-04-14 23:01:01+00:00,ceeinject
84d534eaafe12ca637c3a51eaad58d102f8b8d00d3f4c63a7c2e5a5fa274abe5,downloader,2020-04-14 23:01:01+00:00,ceeinject
9d9e609b7c2c8c1a7366c3b8d0b5fddda495cb107b92596bce9269821b13d5e7,downloader,2020-04-14 23:01:01+00:00,ceeinject
e1e1bbb6402e39bb66f60e9e6f62baf7d91122033a9f6d67efdea75b05169ea8,downloader,2020-04-14 23:01:02+00:00,ceeinject
9f5945c33b2763f993fa800d01b95e738fbdb9e1639eabbec9093e8e7a049e4e,downloader,2020-04-14 23:01:03+00:00,ceeinject
2b27e44697036a2cc19f6f628ffbb60beb59616bf27515d54f9d093b9c2c1db3,downloader,2020-04-14 23:01:03+00:00,ceeinject
c04ef23e35ab5e203f018a4d22cc0c08b0a873ac966080a29a5231cc0cd48159,downloader,2020-04-14 23:01:06+00:00,ceeinject
fb08a84073c653e8daffa644f9e9bff806dd5904a424870555b2635969350921,downloader,2020-04-14 23:01:06+00:00,ceeinject
c24e73acbc53e0776b5937077ac50dac4fc28793be673b49ff4d88fcfe9bee96,downloader,2020-04-14 23:01:07+00:00,ceeinject
ce2338528f802228284852bc0e105281b6eed482c2eb0ffcd469d190501664d4,downloader,2020-04-14 23:01:08+00:00,ceeinject
caa1ae9b7cbc96c48f65ab05736b11c1ef0a30444c66389df5d4c93a94c3c2b1,downloader,2020-04-14 23:01:09+00:00,ceeinject
7fb77e471ef8890fd58c8ecab1d6ef769b15265e620f45e40aff8f6b15102ee1,downloader,2020-04-14 23:01:14+00:00,ceeinject
910d8b211ca1aa00067814380f45721056af07b79197a0624fc073b4838cb403,downloader,2020-04-14 23:01:16+00:00,ceeinject
8ae065ec6c11f3da3686cefefff57ce0847fa3b489710ffcfa55f19f6b4ae3eb,downloader,2020-04-14 23:01:20+00:00,ceeinject
b434a559f37cd1868394c92a3f4375acc27aa7d1ea172763ef25dcee80d96609,downloader,2020-04-14 23:01:21+00:00,ceeinject
a66f9d15a85635559084348b331270c665ced5a25f6da5692f665f8c5002af84,downloader,2020-04-14 23:01:21+00:00,ceeinject
ce08b0654e7d2721e2cdab2a22694d4dc3d47457e9b60f7607e37343c38b3f4b,downloader,2020-04-14 23:01:23+00:00,ceeinject
db76cde32ad1ae9d641082a6fdc92a2a6408fda8924fa2ca2a0c3ad5c3df5ae6,downloader,2020-04-14 23:01:24+00:00,ceeinject
34d685a510ae951d0e429818f58b6af19279e835f97d799a29d587f5bde8381f,downloader,2020-04-14 23:01:27+00:00,ceeinject
cdc0b9eec88bca8178f24bb1bab03e17f9fc96f67f8ac3c77419212fb876f134,downloader,2020-04-14 23:01:31+00:00,ceeinject
a71fe1bbd85a89a27909459b168e247f61702d5103cf68009595643fb6ad91bd,downloader,2020-04-14 23:01:31+00:00,ceeinject
a68f7fb26ad84859625002395cf67f22ea0956996ed9c8c3be2283e093c89421,downloader,2020-04-14 23:01:31+00:00,ceeinject
d7b0efa974af8b7602594fb9f89d797bef9360b6af7fcb24cd315c7adf154d0a,downloader,2020-04-14 23:01:33+00:00,ceeinject
ab131bf9fc9d9dea92de19845f5b86286263ec6d2d37a8c16a140002670d1582,downloader,2020-04-14 23:01:34+00:00,ceeinject
dc027ec3f480acedd3d421695bebfd55e3fc95c1ff2b602796536101fb3a2825,downloader,2020-04-14 23:01:36+00:00,ceeinject
f470be764ae7376091237acaa879ad5ac035702b87b1c01e802dd641b9c20566,downloader,2020-04-14 23:01:36+00:00,ceeinject
f4d0cff01a03d264c5a892e15e228fdfff1222d6d90de05bcbfaf8f380d2607b,downloader,2020-04-14 23:01:37+00:00,ceeinject
b09da5f76c9589ad587394a0b8d43ec201b4fe793affde6e620b0a297a9a223c,downloader,2020-04-14 23:01:37+00:00,ceeinject
edac292e9d04d4460ffb1dc35228e1db752010c65e49d70d0d105076d79a8c38,downloader,2020-04-14 23:01:37+00:00,ceeinject
ffbc8975f4d13a7da5e9946891be908b855a9a3f8ab6860a826608616bcaa39f,downloader,2020-04-14 23:01:39+00:00,ceeinject
725e7ab47c08d34f40685937fc284606b997ba2510bbdd03e467840426734ed2,downloader,2020-04-14 23:01:44+00:00,ceeinject
76a7e82d7ad1b519af25a862948face48975f8fa2fcdf710b000b436a38b32a5,downloader,2020-04-14 23:01:45+00:00,ceeinject
962fb67dffc7cab7d8423026fc15b799f13c8ce5a1f93cbec98946eb5a23e8c7,downloader,2020-04-14 23:01:50+00:00,ceeinject
8e8176ca0cd3c1291249a85cdab20434c4590aed4a227ccbfe8db04324dc07f1,downloader,2020-04-14 23:01:51+00:00,ceeinject
b0e818212b3f4c197632f629c55a8450d7f11b883674f98968a8035d9964edd0,downloader,2020-04-14 23:01:55+00:00,ceeinject
e064a39b8b856251efb20e54d926b37551b4744068484e5e75b13cd639caa143,downloader,2020-04-14 23:01:55+00:00,ceeinject
293a1574fb797a58b185f9119d9b7a41040f5724ede986fcbf441a8b8e05a674,downloader,2020-04-14 23:01:56+00:00,ceeinject
a328131c54a1609fcb6d53771b88ddaba2295abe4b114f0dcea39c3e08b3e359,downloader,2020-04-14 23:01:57+00:00,ceeinject
f7733249ce267cfbbd2107a931b596b4d6cec9f3e6e08433281810a0cea0503d,downloader,2020-04-24 22:56:02+00:00,ceeinject
64ba4d96dc10f7a5feb4eff36eff445d44b7a133f1be4578e3cce05d304464a8,trojan,2020-04-24 22:56:25+00:00,ceeinject
18668d66552e977860856e6cf84ebc806dc9b6cb914808a46d98c2ae52741e67,trojan,2020-04-24 22:57:07+00:00,ceeinject
d3695c43e53318e7bbc83c0be968ed16efa105e40726384c33e6162180f94697,trojan,2020-04-24 22:57:16+00:00,ceeinject
f92fe29b816d4861e2545f9aca68169001e48256b25a8917f9419d7d033927f3,trojan,2020-04-24 22:59:14+00:00,ceeinject
f783e7bb6744c51c4168d364993273d87f988affdbc75ddc46b720d3a0b47590,downloader,2020-04-24 23:00:26+00:00,ceeinject
9020671a34106f68970907d970421b167acf70fe9bb8dd96b1ce94545c27954b,trojan,2020-04-26 22:57:27+00:00,ceeinject
91c8f88bd0622da2671056ee0bd9200a64e21968d71e402b7457b564aa460022,downloader,2020-04-29 22:45:15+00:00,ceeinject
a92f4203ed8b2631cde1fc9a61f1f924547026766a589ceb3287c18a16b66f8a,downloader,2020-04-29 22:45:15+00:00,ceeinject
14f130c180f283277c50a63644abc10bfdb72b5980eed8cc78cbee51ca4a9947,downloader,2020-05-08 23:01:12+00:00,ceeinject
8aaf60a5b2dbf21d57c33ed6f6963d2daf08bc3a561df9ed78f18b9bf954b1a1,trojan,2020-06-05 23:00:42+00:00,ceeinject
211f79e8a34a205606f6fe2c65a47635e776a44c9395424526b1791625df12b2,downloader,2020-06-07 22:31:03+00:00,ceeinject
1ae90cccb80d58086d4d6f4f0905a403a365e487dfb9371bffa62eb96fc3afc1,downloader,2020-06-07 22:31:05+00:00,ceeinject
1638b484df6677554627cb1e650adb15d006c5155562ac72f8ee644fb78bb556,downloader,2020-06-07 22:31:31+00:00,ceeinject
06bd16ff5b10fe85b749c0de475c97fa11e52113d7d3bb5e038a28a898a6317b,downloader,2020-06-08 23:00:41+00:00,ceeinject
22718873443115e4a99b830b7b14bd5379e4bf7db5b670c7f3a7679ee69c699d,trojan,2020-06-10 23:02:01+00:00,ceeinject
3ac8cb419f621595bc5248371692a70c90d7103a29ac0b066e98c638bcb19557,trojan,2020-06-12 22:59:57+00:00,ceeinject
604aa1a8790bc464c9d678a0b5a034310c826a08c0339c092ecde4059ba45c87,trojan,2020-06-25 15:34:51+00:00,ceeinject
e205af404ed060ffb5ae07153e17c3f781ba38d60532b953265419bc7613ef94,downloader,2020-06-25 15:35:38+00:00,ceeinject
cfe43182bd661267ee9410aa432f142b15d200478af30e82885495ff46b0b835,trojan,2020-06-30 07:44:10+00:00,ceeinject
8515d0f1eba5160ef85b2f5cc392a541ba8ebc54883df6257fbae2ce36f6c720,trojan,2020-06-30 19:48:25+00:00,ceeinject
742e49d7c1c0ed5acb33c2655745dfc4da78dbdab77ac9cb0459aca30a761c15,trojan,2020-06-30 19:48:54+00:00,ceeinject
fe0dc7343fe7eaa544987427c297d49a8f4f6c0f865fc696b1c25971ffa36cfe,trojan,2020-07-01 23:01:28+00:00,ceeinject
a98bf131f423f990f484c97e217b23d5eb2ff70ae2e0d94e4836278d6f58a0ac,trojan,2020-07-01 23:01:31+00:00,ceeinject
b2eb79782d37145baa8393069a4e10c1a6e44c5e3632d14f0d32da7bd5743e9a,trojan,2020-07-01 23:01:33+00:00,ceeinject
10bb241ce843ddad8d03113fe3e7c55ddc68a4e57d3f801682d788f272e649d8,trojan,2020-07-01 23:01:35+00:00,ceeinject
5e75482127f79d299a4fa1b722f1afd04eab4eb1bc3aea88e3239f20a57aa237,trojan,2020-07-02 23:01:59+00:00,ceeinject
2ec27eab491313b86df3896a00b54793ac4c4d5c66d40f8c5332127126766a85,trojan,2020-07-02 23:02:01+00:00,ceeinject
8c55fb7a1127168e516015982de344de7277ed6ed2c051e3787bbcff24fbab9e,trojan,2020-07-02 23:02:02+00:00,ceeinject
5dc6e272356b40727060cf7340beb1360ed6f9303dc58f85d95fe39fbba3606e,trojan,2020-07-02 23:02:02+00:00,ceeinject
f3a857dc2c17c772555ad2fb148687287ede7ab3c0252d35c8b842ef55251573,trojan,2020-07-02 23:02:02+00:00,ceeinject
9d65e99b86b5df3071ad921b7e3e6f2d8c3ac11d9072f55c4047f79b1b2bb29e,trojan,2020-07-02 23:02:02+00:00,ceeinject
4b326045ecc0dcab1cd96e277ac27adae541f17e2cd35e7dee486908914483ed,trojan,2020-07-02 23:02:03+00:00,ceeinject
eca833d2e7e1820c6249dff0b6e7439fdc635ce4f351510c5a159f80e9cffd6d,trojan,2020-07-02 23:02:28+00:00,ceeinject
6957f38875cfa83fd59729e5b74f36c81e9a4eb72dcc744a32b6bee59d8eec16,trojan,2020-07-03 23:01:52+00:00,ceeinject
c209dfaf22872aab081558106ec40f36093f9c138265c475e33af7bc1c55eb12,trojan,2020-07-03 23:01:53+00:00,ceeinject
4161861cc9d7fc641a4184d7ab6e731499e1051a5f70e8e780c0c6df06b10373,trojan,2020-07-03 23:01:53+00:00,ceeinject
4fdc08ed88da03a2992fbf472baf96bac2e4eeabde6e1121ac825d7fdee22f3d,trojan,2020-07-03 23:01:53+00:00,ceeinject
ecbe92a1a617df4bad3cd49e49f7ff71d58b98c94147e48dbdb5d51b73151dc6,trojan,2020-07-03 23:01:53+00:00,ceeinject
6147e1e5a107b5e0aa78ea4848172a7245397738df72da19afc34626773ea57c,trojan,2020-07-03 23:01:53+00:00,ceeinject
85e1ef8e0ee3b57b248202dfd50dcc436e228d6896817889261e1b5dc900badb,trojan,2020-07-03 23:01:53+00:00,ceeinject
ac74d9c3fc0718ff90e14ecbbfe6840ca47573b0cf5f5aa55b5ae79dfa3cbc46,trojan,2020-07-03 23:01:53+00:00,ceeinject
67f1e73926976c7f7835c0548f8c1ad8645264f1fafca2a6740ca2e848dba761,trojan,2020-07-03 23:01:53+00:00,ceeinject
ecc72a1bc25b939b0ca8a914d5852084f84a79de8724f8979d116768f173e4e6,trojan,2020-07-03 23:01:54+00:00,ceeinject
b7cf7705bfd521544bd5cf06a8558a570c771e7cd004c5271e64ca4f2b8c97aa,trojan,2020-07-03 23:01:54+00:00,ceeinject
a1e69e6eb948dd4659ca3491ec2f28f660c4591b545fb9cdac80edf61f73ce02,trojan,2020-07-03 23:01:54+00:00,ceeinject
d35d1ce7ff7f13511cbc50f34bad3c9d0640ac2c2d0a472fb842dbfa7bdb595d,trojan,2020-07-03 23:01:54+00:00,ceeinject
7ead5bd6034d25c715204a91fd27964ae17dadfd3ceafe2beb6b7ef097d94722,trojan,2020-07-03 23:01:54+00:00,ceeinject
58713bc9abc8c8bb3fd711580e9ee5f69b63ee300036358d282676e07d04cf78,trojan,2020-07-03 23:01:54+00:00,ceeinject
14ef77ce66f72d66f85c72eac1a317c160dd562f499a593182e2527c8d7782bd,trojan,2020-07-03 23:01:54+00:00,ceeinject
1e28c8cbdef0eb38c18ffe70f159fe6a8f76b8b85cc4eafacc08b559e2ea6ecb,trojan,2020-07-03 23:01:54+00:00,ceeinject
a966d58cb385e7de6d03fb965ea1b9790c396eb30e0fb2db86e7e0d823086b4e,trojan,2020-07-03 23:01:54+00:00,ceeinject
f677fdc854ca730f415769003c585aeaf258b6457b415619fee10cb57ce6550b,trojan,2020-07-03 23:01:54+00:00,ceeinject
3aff7e554ee7a2863ef5a714359df26d44c2dd9dbc9743193e6cf87fd0f480d0,trojan,2020-07-03 23:01:54+00:00,ceeinject
6f42a9998fdc54398b733d0d6c92876943a38126c922179117db728ee56fb2d6,trojan,2020-07-03 23:01:55+00:00,ceeinject
401f1d5bed268372ca3d3a7169c8dad025ea09450bf89a7a29ff4b3ad20e54a7,trojan,2020-07-03 23:01:55+00:00,ceeinject
e2d607d5ded56a00b83bbaba69d7bc5e5b5909c6074e7cd35d43768cc1c8f44d,trojan,2020-07-03 23:01:55+00:00,ceeinject
4dee7a507f2393a8cd996c626275ac190fa2b1332210e0f86ffadc7b2679286b,trojan,2020-07-03 23:01:55+00:00,ceeinject
aae6dc520ba76f81d2a11cbc8ac064c9d7b669b2c2feb299e71698dfe04727c4,trojan,2020-07-03 23:01:55+00:00,ceeinject
db508919c56ff034855883e9b91a4444188421aa19934bc3ad5008146dfe9341,trojan,2020-07-03 23:01:56+00:00,ceeinject
b153c99469470b261c7e09e1d1de6533779472cc747e04befa4315f7803d6cc5,trojan,2020-07-03 23:01:56+00:00,ceeinject
d308ab8381596c93144fd93866b918bd5839e0ca02bfd690ca8823586d15daff,trojan,2020-07-03 23:01:57+00:00,ceeinject
00744a7ef922a9757070d5352ff38baaf76cab29b3d05bc48165ea767f87d2bc,trojan,2020-07-03 23:01:57+00:00,ceeinject
a5e91f8b367d55fbbf05d2f11a5fc44c0e0f1ee04bd37a4cb36b91d3c7209a71,trojan,2020-07-03 23:01:57+00:00,ceeinject
09d2e345951fa0a2c91c98dfb6a3b1e2aee265bcb467e663f0ffc823131f30de,trojan,2020-07-03 23:01:57+00:00,ceeinject
4f931ee1fdeebfe9a8da9f3fe93643c464c91f5738512730e1fd20486a8c4879,trojan,2020-07-03 23:01:57+00:00,ceeinject
7c086ccff71c4f3ea206aa9eb634b933b91a10d7f774bbeb65b2b9aa0c5279f2,trojan,2020-07-03 23:01:57+00:00,ceeinject
c7bacfa66674a92038b8f29916ef1f597f335b021e8f266e6a6acae09de977b0,trojan,2020-07-03 23:01:57+00:00,ceeinject
e1ba8d9bc285460f6131e7852930369a74efb29bdf4a3740defe3188df96a494,trojan,2020-07-03 23:01:57+00:00,ceeinject
94f4589ca124b99941ab5eb6b7bebb333c01de4cb4f54604968f0ab7dfa88f8c,trojan,2020-07-03 23:01:57+00:00,ceeinject
fc63e356b98c78a06ec7a89da263a69fa9b4b40f6f11ca4431b8ce9a1771a42a,trojan,2020-07-03 23:01:57+00:00,ceeinject
348f1ebc77c1c8a2ce418aee73c95708cb7817459baa3c5e0903a3477ad28421,trojan,2020-07-03 23:01:58+00:00,ceeinject
c991dfdd10dddda2b2b470632bd17255a6aac51856335342e09d0c51f0e96671,trojan,2020-07-03 23:01:58+00:00,ceeinject
7f85157846f211681791049471347212d0400776f9cb821f11692b5e3c76e59f,trojan,2020-07-03 23:01:58+00:00,ceeinject
e95da629b434f6ed25fbda46f4465157d29603c8c6ec89ac21a5f123ef82c396,trojan,2020-07-03 23:01:58+00:00,ceeinject
87652b50d029dc56973a2d3063882dbe5d92bc269980e47552ebf414a5953fc1,trojan,2020-07-03 23:01:58+00:00,ceeinject
d6a9e79988fc3bb47d870dd7b54fef8056be17f83030a4728a2d62e0f0321505,trojan,2020-07-03 23:01:58+00:00,ceeinject
51a43a4da1eb61315bf14bf500ab611113937c0f41803796186b2c8a6c3e54fc,trojan,2020-07-03 23:01:58+00:00,ceeinject
079550e521a433cef45b7ff5e7e9fd7844ee1dcb2e7d085838793ffe90e2fa92,trojan,2020-07-03 23:01:59+00:00,ceeinject
50e4d054695e549da903f7b10e44a26cd4d82318aa5f42ff2e38724ae1d3bc0d,trojan,2020-07-03 23:01:59+00:00,ceeinject
c97045fc3a1d79a17bb07aef2dbca2b0a84380582206cd3820a72d8b388e2608,trojan,2020-07-03 23:02:00+00:00,ceeinject
aa53fa41aea46eaf25e69f6b148ae9e36fc614c4be27bb44be35303033ed0a56,trojan,2020-07-03 23:02:00+00:00,ceeinject
3c80a27dbee62c84962d07e3088bdd35cb6d39efe1193a36d7d04d30171d2f07,trojan,2020-07-03 23:02:00+00:00,ceeinject
c7006eed7f4dd6951a73906e6196aca730f47230baae9275c849c69baa23e1d3,trojan,2020-07-03 23:02:00+00:00,ceeinject
d1906526dd1b61fd149e2c09a8634e56a3364a5009592733bec999f643cb1833,trojan,2020-07-03 23:02:14+00:00,ceeinject
6e01da88b0fec888988052c242cdaaf0259ef295f56a32daa2cc16ca67c4857e,trojan,2020-07-03 23:02:28+00:00,ceeinject
478b9ed9a5ca05d1973b36a751c31ebe6c0f8281b3102f5182d8139c20b19ee8,trojan,2020-07-04 23:01:04+00:00,ceeinject
ca6fe06c34ea80eab83c903308435086e6a4be256d90b5303ceb756e185ecdc2,trojan,2020-07-04 23:01:04+00:00,ceeinject
60a684aa4ca74c01c71ee781398b854e746a359d502f154b4473e47f38f947b8,trojan,2020-07-04 23:01:05+00:00,ceeinject
326a7c5c4ff2986b9703049a49ecc7739e601fdc43925167e91d8c8ac77ab8cf,trojan,2020-07-04 23:01:05+00:00,ceeinject
843eac42913a2c0aa49bfc88ac97db01a9df7006413f165f40452bccd60e39c3,trojan,2020-07-04 23:01:05+00:00,ceeinject
ad170841b0d7c214e54ff7d24c818be886762e5e13fb8a75321b87f1c38075d0,trojan,2020-07-04 23:01:05+00:00,ceeinject
3510a1c9ef1701411c429cd297361b959d49da3a0771031982e79d8db890162b,trojan,2020-07-04 23:01:05+00:00,ceeinject
742a03d2ffc2ea4d4c71f02f03dd619a2e1117ed910f7c1ce09fa9d0cde533cb,trojan,2020-07-04 23:01:05+00:00,ceeinject
44dc61ae714513ed907b141742406f21c4251eec196cedce551d2daf5bd38d03,trojan,2020-07-04 23:01:06+00:00,ceeinject
3ca7dfc83131330fd5f910f97a0088352b5041869faa111f5621d73ee1111fde,trojan,2020-07-04 23:01:07+00:00,ceeinject
3b3383d51b86ee0d589fa3258eb45f436ae8503885e11f520b2d52ac18bbea71,trojan,2020-07-04 23:01:07+00:00,ceeinject
c692f9bc1412406905b24f153bf7b42a3a8c4d921282c2cce47e70c33e4d0428,trojan,2020-07-04 23:01:07+00:00,ceeinject
b9f39789652ea9abb51a4e84979ab73debaf6917e7c7ee7cdd3a94bcc1889160,trojan,2020-07-04 23:01:07+00:00,ceeinject
e7a3c037eefb24ed2d5e8dc99a3d8e8f7ab925cc1bdc685edecadaadada609e4,trojan,2020-07-04 23:01:08+00:00,ceeinject
84c08f595ba54fbf60ab6e0bd48a05323bfc07edb134cb115a636c6e738a2b1a,trojan,2020-07-04 23:01:08+00:00,ceeinject
3df12169247dca4cd14613ec6855e9c550208073f4910cd38b7f1ffec794a4d8,trojan,2020-07-04 23:01:09+00:00,ceeinject
4400dabc96578aff71e095595fd1f74b25dacf13e51ac35174ed8d9e4f6349b2,trojan,2020-07-04 23:01:10+00:00,ceeinject
832a06799362b33e09131daa6dc897c13ef4117665b71a68d9153d26915d6529,trojan,2020-07-04 23:01:10+00:00,ceeinject
abffab7f4af4df93325cb79691832443b9118dd2763a2f3913c710c9f243cd8b,trojan,2020-07-04 23:01:11+00:00,ceeinject
166f7cccdfa22b4f3d0e8669dc2fa3c4b9e8ffb521b81f316b3ed8855319e2dd,trojan,2020-07-04 23:01:14+00:00,ceeinject
8389bf01422476f8a424870851a90397a2fddd783899bb4106563cde3d814e5d,trojan,2020-07-07 23:02:04+00:00,ceeinject
3bcc8e0b4ff1264f35b39913062754fec6c9280928a50a8a8a34e171d776ca46,trojan,2020-07-07 23:02:20+00:00,ceeinject
5bbd6d962dc7e0369ae245765d4a5d3d2d779e3840693509f97ea412cd1c20c1,trojan,2020-07-07 23:02:28+00:00,ceeinject
e06f9ef3ad421610adb4d58b4e37cadc7cb9f2b96ed4d641656067bd9a75d32f,trojan,2020-07-09 23:01:43+00:00,ceeinject
7d8dd1ef5ca4462f3c3a241f934fbf668862e00775ef6dfe865b23abb53587d8,trojan,2020-07-09 23:02:23+00:00,ceeinject
827423819f5775ed7af8015bc708b6826503ac94185763cb36fa1320e821ad49,trojan,2020-07-10 23:02:25+00:00,ceeinject
44b5b7e490861d0346e918a6a3cba30dd50651720a59f14f90750c74477525d5,trojan,2020-07-10 23:02:34+00:00,ceeinject
18399c322d568c552415b748a22f1eb5d6bd872c9ca6c7b32f8ca294653a321b,trojan,2020-07-13 23:01:22+00:00,ceeinject
14efeff416abeb89142e5d32ef83c696616da5b1b0ea742308373273131a67f4,trojan,2020-07-17 07:19:18+00:00,ceeinject
e7fc28625a5af8306182634413057cf2cb3a8594c426cb97ec9d9b2ee5072a3c,trojan,2020-07-17 15:00:10+00:00,ceeinject
8573610ed5e16bfe3051d973bc0841986041b6854b92172f69535d7fc5844f6e,trojan,2020-07-17 15:00:22+00:00,ceeinject
2932cfdaa3186092260cfd1a9468c70b8014cbff4101a4766e4e9261863de108,trojan,2020-07-17 15:00:48+00:00,ceeinject
8ecf6ec0cc53a84cecd2a516d2fcc358a3056f5ae6b76720658bd5160936714b,trojan,2020-07-18 23:00:35+00:00,ceeinject
a1903f9370bd718951eafd6c10eabf230e7a69452ab996060336d5462c062b6f,trojan,2020-07-18 23:00:44+00:00,ceeinject
0862d9bb3def59fb2d3ced2b81e5951f6e189ebc92b2617753c11efab74241db,trojan,2020-07-18 23:00:51+00:00,ceeinject
ed70483f85ecda534b9d9d1cfb2ab94203fda79a322120894cfaaa51e5d5c02a,trojan,2020-07-18 23:02:02+00:00,ceeinject
f5df0ba6feac2a091d7f0f795cf3df3faee18301aaea6ed334a2e27781e45272,trojan,2020-07-18 23:02:08+00:00,ceeinject
c1873a66059950f9b036ce75499e1abb8d910ae6de0e754789dfff4d678e7569,trojan,2020-07-18 23:02:30+00:00,ceeinject
0f61615d57e24ed5f7b30a7fd498ffc9aff95d55d4de4186ac3f1620d3ab7cb7,trojan,2020-07-18 23:02:49+00:00,ceeinject
57b48465be6e128a85a1e3f3d0b71765ce7d3befbfed2f8fb89afb475f71f4a3,trojan,2020-07-19 23:02:03+00:00,ceeinject
9094d3d8147b3cd2a89635e0bc16dee74c11466ff6a628391c70c058974d525e,trojan,2020-07-19 23:02:04+00:00,ceeinject
fc78e818ff25088da56ad376427533af832c3b7ad2e454d4b378b1e03d655e32,trojan,2020-07-19 23:02:06+00:00,ceeinject
85d7acc321135580e2a87c8970270fc813ab25fd883869c9c6d1ffe4f086bab1,trojan,2020-07-19 23:02:07+00:00,ceeinject
725289365bb4526e3311793c5211dce4bd4c2e6421bae8aed02f8da3425821d5,trojan,2020-07-19 23:02:24+00:00,ceeinject
89792da9d9664a56e3f09acc83b3fb20646742d6aa4429b2b19f7fdba754fa9f,trojan,2020-07-19 23:02:24+00:00,ceeinject
c774c2de0ac2e64bf3e3db8703a678433e082d07540744c954a7f44e01e988b6,trojan,2020-07-19 23:02:31+00:00,ceeinject
9e934f878b24a7780ea64112a0c62cab92d5a0c546495d0d0e54c9cf1d3c8fe3,trojan,2020-07-19 23:03:09+00:00,ceeinject
b5033aef34aa89a381d5e22f3187d8205bac39ca6ecee4f3516b1896065bf6ac,trojan,2020-07-19 23:03:16+00:00,ceeinject
95ecd63969964ac53879718fa7af0269873a345924c5102efdc7d026a392c4e8,trojan,2020-07-22 15:00:20+00:00,ceeinject
c7bb11b1f3f50008a841de91d71276a7d2237c8ceae33379ef9cea167cc8422c,trojan,2020-07-22 15:00:44+00:00,ceeinject
b24dc15cd5b27108eaa4c81e3513090831068536ee60f7d69439afe9533bfb0b,trojan,2020-07-22 21:00:13+00:00,ceeinject
f04825810c79f082c7958ce63e1a4a8f1950a2cfe2b390767f5214a75f906206,trojan,2020-07-22 21:00:14+00:00,ceeinject
f33dbde61fcdf36da7340ceaf7569c8736055650cb3da490e713fe1900d3d7af,trojan,2020-07-22 21:00:14+00:00,ceeinject
266d7fa64ac2e6a6816b7523543c18a790f04ed8c7b0f53b6a2fe9bbec5b27b7,trojan,2020-07-22 21:00:15+00:00,ceeinject
40ca1aed6444d3adb9fa8c51cd29dca57ce522b81a3627bd641494663c3bc246,trojan,2020-07-22 21:00:18+00:00,ceeinject
3d24b3e7ae5abb15ff482e43441348743b8b0396f046d54eb6d5b408ab0947e6,trojan,2020-07-22 21:00:18+00:00,ceeinject
59d920216fd176bcd9b4e20004ae3272ea2f044c944c6e5f489f9a3edc8b20da,trojan,2020-07-22 21:00:19+00:00,ceeinject
35ca36c454de51c7d1764b13c7a6ef8de2b27b5328f2b810a0f1a05fb692e0ba,trojan,2020-07-22 21:00:19+00:00,ceeinject
1c8ad552f746e35c524295803830b721238cf03d032f2f6355e67c3997461e80,trojan,2020-07-22 21:00:20+00:00,ceeinject
50d589cc709234ad5cb7ab620ecf0b6f8ccc2de1895c35dbf9336bdb3f7bbb96,trojan,2020-07-22 21:00:21+00:00,ceeinject
f5714980447e545e3ccd1a0594dd4a6d5a7c9162fdf5c108b659774f066cf2ef,trojan,2020-07-22 21:00:21+00:00,ceeinject
6892e070c218caf48b88faaf80298e1eaececd755542391d161d6df12fcf19e4,trojan,2020-07-22 21:01:18+00:00,ceeinject
0de980b403375753ddab1746617533e945713ba8463e08cb6a09cbf9449e0599,trojan,2020-07-22 21:01:18+00:00,ceeinject
4945246f18a53f716a1d8104ca7d6bc49283638fd5f07021f0ed313278f6030e,trojan,2020-07-22 21:01:18+00:00,ceeinject
2f6c9b8b562653a37aac7ccc11c3570a0f1b46b4eea41114641c68ce32dee5a7,trojan,2020-07-22 21:01:19+00:00,ceeinject
2ad4a9878820b33cbf4575a1661a03cfa6a72b807e6fb719953f283df8ea3bd0,trojan,2020-07-22 21:01:19+00:00,ceeinject
edcaefc5d3b78011e0d28f62fc0d28e3cd1950f9fc6aff0bb097534030f6650c,trojan,2020-07-22 21:01:20+00:00,ceeinject
4269d162792605d2f0e08fde6fe023172f4de271f4e04cbff567e9427ca3ca96,trojan,2020-07-22 21:01:21+00:00,ceeinject
c55f5668ce99761d30c36700aea95482552dea9e590e13241a7d9fba55621046,trojan,2020-07-22 21:01:21+00:00,ceeinject
4523c8b5236b4a09901849ad8aa4f4aee86cb45ff521d5bcd38b5c0859a2bedd,trojan,2020-07-22 21:01:24+00:00,ceeinject
c270d89275e71eaf57282eab2cdc537f1d0a745702c66bbadaaa5e618653a28b,trojan,2020-07-22 21:01:24+00:00,ceeinject
4d44459a304952886ad8793bfe0948da9f98ff68a2739f7a31d0fb5e8332c167,trojan,2020-07-22 21:01:24+00:00,ceeinject
2f2ab9626c78b4d1dd5b4e913fbea61c9db77810c461301a52929dfc0226be76,trojan,2020-07-22 21:01:44+00:00,ceeinject
c51b2d52ef73a1b57d623b722a16657dadc661e693611017a411954126206710,trojan,2020-07-22 21:02:13+00:00,ceeinject
be4332e6fa82e8bbec25c73a6f549f77fd260ef6bbe41fc9039ce308ca6c7194,trojan,2020-07-23 03:03:45+00:00,ceeinject
2ba218c5b767e486ba30e84c9d26f72de37ec74fe7a62f3f13419959d414b26f,trojan,2020-07-23 07:41:20+00:00,ceeinject
a0e61a0669fcf8e419dcaeeed3da69eda0d50291255e8082a3e0ff24f0a0ebc1,trojan,2020-07-23 07:41:21+00:00,ceeinject
a5d2556245ff4a119d8575384bbb28dccde56b34376e09073e30d9057ce73855,trojan,2020-07-23 07:41:21+00:00,ceeinject
8da5de2563ccd635e659c1edc62a66c5279085acb9d0c701d1d189959276afac,trojan,2020-07-23 07:41:21+00:00,ceeinject
ec896a4b95877fae57da48552f2de49f1f9820f5f5e7e3c630968dd511a308ff,trojan,2020-07-23 07:41:21+00:00,ceeinject
492aa2dbea9cf380338fa3f3268a3371f3f36709e37bf48b8349c4d1ab48724d,trojan,2020-07-23 07:41:21+00:00,ceeinject
0bf5d61ce7f1c92937a3b377144704c3fa6427e0c9b6aff3c1ec18b4a17b1068,trojan,2020-07-23 07:41:21+00:00,ceeinject
a17bc254daf556b131741fb7b46a9c4a0488ff23ea025bab1dc6b491a5bd317c,trojan,2020-07-23 07:41:24+00:00,ceeinject
97a2ad20a60d30ec1250fbeabb2aece70ef7fa072122ece6c73a66880cd1deaa,trojan,2020-07-25 03:04:12+00:00,ceeinject
60672ad2233e3dcc9a80ba2d079229120fba593bb4f58a788cb8fbe7da7b070f,trojan,2020-07-25 03:04:12+00:00,ceeinject
92b6ddde2464d230ed4052b32c90266d9d021fa51ab3630d9ded52c2f68868d5,trojan,2020-07-25 03:04:12+00:00,ceeinject
df5650e3907149d0bdbb83be87d1b853acc5442b08a34073dac59fc5432c0cc6,trojan,2020-07-25 03:04:12+00:00,ceeinject
74afecdfbf8780191eff6a1e59d53777a4ceb267a6a6c694d1e1224c7adb2e35,trojan,2020-07-25 03:04:12+00:00,ceeinject
becb8a6035d919edf91b3854e934d2134433c5d1e48ba38744858072cf1221ce,trojan,2020-07-25 03:04:13+00:00,ceeinject
6d6d17567bc3760e73f2452e251f2cf3ab243a7dcdf3885a6062407055ea3cb9,trojan,2020-07-25 03:04:13+00:00,ceeinject
32c94382b433045ec86a16013a25cf250c0e4f8a7355f195c5278d7171f447d0,trojan,2020-07-25 03:04:13+00:00,ceeinject
14de89b4a0dc5fba7c64ad5ff18e63731432c811cef8886017b477043bf72e0c,trojan,2020-07-25 03:04:13+00:00,ceeinject
13def37eb720a93df0fd4cf444f6b6ecabc4d64122153cc7816201b88743acda,trojan,2020-07-25 03:04:13+00:00,ceeinject
b84887f3637e1b2cdc93fe542d2e0b610683c6e23a05e2f35f27d6bbf7584732,trojan,2020-07-25 03:04:13+00:00,ceeinject
b9347155ae9f388d136ddd6c4e9bd8fe7b0de1de40ba54fd67b66ad62cb43504,trojan,2020-07-25 03:04:14+00:00,ceeinject
10cc2729ecc9e1621bee7c546e0babf25587721147a470a8d05afea1f427d45c,trojan,2020-07-25 03:04:14+00:00,ceeinject
f4c1b14d2f1ad481b8603e1c8617a8984550db211d2a5656246b4d4ea441d491,trojan,2020-07-25 03:04:14+00:00,ceeinject
d2651dcbcb958554052d34c4fd9c888a595886085785d59a7d046c1780505ff9,trojan,2020-07-25 03:04:14+00:00,ceeinject
b9a1740af6b3ebd849832e587743f681e28e68c78c8ddd776c57456dd923f3a9,trojan,2020-07-25 03:04:15+00:00,ceeinject
0ad62dc9d19bab646ed1b9048dfb7b57e8f4ab5c9a03eb95d35492fd975663da,trojan,2020-07-25 03:04:15+00:00,ceeinject
6462bdf44bc60f00828250e7ba8cd04d6ade457d40fbdde4aaa875486e9f24d8,trojan,2020-07-25 03:04:15+00:00,ceeinject
90ba47547594bd5e1bec3e3ce545250f15981ac3cdc4bb6f60530e6c55d46382,trojan,2020-07-25 03:04:15+00:00,ceeinject
2c1614ac367805e3bad175ba94fa693f464463713552a83858d8a143cbdb8b78,trojan,2020-07-25 03:04:16+00:00,ceeinject
1b0fea7651350e7890caca7f925c99de71892609aa6aa3ba6b31182d474f087c,trojan,2020-07-25 03:04:16+00:00,ceeinject
d3ec4c6d8169dc331f2bc67f0a91cfee43672a0af58080485860672942c35209,trojan,2020-07-25 03:04:17+00:00,ceeinject
e3de816a63031a39aac711e2bf054064d09040c27ae0e6141330da5ab99f8c3b,trojan,2020-07-25 03:04:17+00:00,ceeinject
f0dbda9bc8229367f4534f80cb98a72f7ba75f092726dd7332f68fc39e7a34ca,trojan,2020-07-26 03:01:51+00:00,ceeinject
f5737f22da42692fb9e5e78cb7c068cdefa5818aeac4002b3ccbe2f4e1616067,trojan,2020-07-26 03:03:13+00:00,ceeinject
e2b50203351c60ceaee1e216f5a0f5551f1d466d9bd20d066165ac6071ea3d2c,trojan,2020-07-26 03:03:20+00:00,ceeinject
ee15fc5915f9ea8d82ac099f1e8273d55e828587ebf68551abcbba0cac923963,trojan,2020-07-26 14:55:32+00:00,ceeinject
279080f7f8ea198f87f4073b3a8a83f0829ee3022813059aff9b75af43472bba,backdoor,2020-07-27 14:59:51+00:00,ceeinject
67edb3bccd0cc1ad2d888138147552a2c436c701a49ea9f8639a728d2010ea54,trojan,2020-07-27 15:00:31+00:00,ceeinject
63c78f6a950d36bb4b8e8b614f876346b3745bf8cc11ec23cd660cebc131f281,trojan,2020-07-27 20:59:44+00:00,ceeinject
b3cd00e0487e2f2489d9d90d6a40e037e41e3397592665e5f7c1f40b7640dfa7,trojan,2020-07-28 14:40:55+00:00,ceeinject
c1d2f51ca4f93d92efd88c10178005950bddd077eea3b655729a746d166d065f,ransomware,2020-07-28 20:03:12+00:00,ceeinject
94387210ca6617f4232a7359d374e5ba21404748c6df7d0880b7541c8a78a170,trojan,2020-08-01 03:00:20+00:00,ceeinject
7079295d716f674d358f4bc6f64c1ef06a2301b6b33db1ebd3d754b440aed5ed,trojan,2020-08-01 03:00:23+00:00,ceeinject
a185f08bb1ee0d45529c3a05a3776703c064d202db7b71c30f22916bf63ae112,trojan,2020-08-01 03:00:24+00:00,ceeinject
c82e19b2c524ef5890ebe73e30ad80ee046d57f04b166420975e2796d23ee88c,trojan,2020-08-01 03:00:25+00:00,ceeinject
3a225ec862b2e59f4cd7b9ea5db7e0a6e1db3c9d39e164da07746707a875075a,trojan,2020-08-01 03:00:43+00:00,ceeinject
8fee20a697fec14080a23acef7b8a24a6f45784ee499e0b0f1da9661bc45e9b1,trojan,2020-08-01 03:01:13+00:00,ceeinject
217f047e3632a55b3466de1eff92801a7b065dcbaa8a86edfcb6dc031f1b87b0,trojan,2020-08-01 15:01:01+00:00,ceeinject
7422faa6de74995e1a08f42246f20c6963d18dcfa9e4cf36416bf486971099b0,trojan,2020-08-01 21:02:42+00:00,ceeinject
0d379ca43c05b63304611b55a1abd62448cef58210c260aad538aa4c796f73da,trojan,2020-08-01 21:03:07+00:00,ceeinject
83685b5ada9dc58e09889b8a8bd97b5d1ee3d534187da0f56d2fbda56bca4872,trojan,2020-08-01 21:03:13+00:00,ceeinject
7448a8864dc8c15a82d8ed4897625d88814df372dab5f70479827efed4cca114,trojan,2020-08-02 03:00:27+00:00,ceeinject
ace7ef850911fd4e15a1eee0e6d4b1ae58a0bac1cf70900d40e553dcf9aefdb0,trojan,2020-08-02 03:00:54+00:00,ceeinject
055f5f7d9a6d32d96b52aa0f4b1b0c96435c8a9be36cc0a80293f098895236de,trojan,2020-08-02 03:03:34+00:00,ceeinject
a9f65a42877a7093f5ca4e1a29b450789da7643c92c2bd5c15aad22c53ab093b,trojan,2020-08-02 14:57:19+00:00,ceeinject
828b7e773cfd9a2a2a343493cf32c12793dd524d409acdaa8ef83696c17add99,trojan,2020-08-02 14:57:44+00:00,ceeinject
9d5374562d1e4519e945ada83be106565b2a6e58168bad8753eff3231295fda2,trojan,2020-08-02 14:58:46+00:00,ceeinject
9db4a84125185b6e74c801ed54f4d5e14c7eb9eb5f69e74199ae8e53b1183942,trojan,2020-08-02 21:01:08+00:00,ceeinject
6f67e6b4094d1565d1eeb0fab19f021142f2575493d7f3a26f5bc0089d18264a,trojan,2020-08-02 21:01:11+00:00,ceeinject
d1f32f8a8597292fb3a29c4668f288c42396ec0e967634016d2ce07df6fc0158,trojan,2020-08-02 21:01:12+00:00,ceeinject
93fb387357c37ffac0a5981ba89a85fc0fa0ab65e255bf74554a7dbff3726590,trojan,2020-08-02 21:01:14+00:00,ceeinject
55e7c0aaa05ff64b5b81016dc5a8b125afb0356407347a4135a9f55b9ff1674d,trojan,2020-08-02 21:01:15+00:00,ceeinject
d18778e4013ba8d272db21e4d9589bcc84c22c31bbc4a4ed1aef9d6038bdd1a1,trojan,2020-08-02 21:01:16+00:00,ceeinject
f0dba54656db4b0d9d22a0ec2e9a1027caf6e52c5c074ba01a0e919c802fa2be,trojan,2020-08-02 21:01:17+00:00,ceeinject
3322d0f97fede6e46777f301264f29c33c5ca29a76a2678690dc4d68e43fb14a,trojan,2020-08-03 03:02:27+00:00,ceeinject
4ef53e707cef79d56a7e2d53fddd7b4a27624886ce0372cd757fd78e260c8708,trojan,2020-08-03 03:02:27+00:00,ceeinject
95f9281434f32aaff72401576719148db8e6aa73892b38cde9807312a3ad972b,trojan,2020-08-03 03:02:27+00:00,ceeinject
a547402e3fc602ba50551e2167ad08955abdacc30fc8bc57c47d6287503690a4,trojan,2020-08-03 03:02:27+00:00,ceeinject
4bb73c4184979253e324ba0314a0cf7522f5f92408adec6ced5336f9dde91799,trojan,2020-08-03 15:00:43+00:00,ceeinject
79cb67af4a19ca14dfb8773870cad27b8f196e0dd3ab6a7ec71f4f9ab3316364,trojan,2020-08-03 15:00:45+00:00,ceeinject
11ca5892efac597392d133ef90598664890318ced092f04ede57347846a8c433,trojan,2020-08-03 15:00:54+00:00,ceeinject
5b5289f031fe6e28f626dbec23a5be87cdc0ca029ccb07da5712e46c3a43d737,trojan,2020-08-03 21:01:00+00:00,ceeinject
9060af8f240a45393934f18eef8516c76b4e45ea048e7ec70befa3f179748d53,trojan,2020-08-03 21:01:02+00:00,ceeinject
2fdf116c4259193392dce2fb0c97d2d22403a1a9b49ed8227899460a67121fe0,trojan,2020-08-03 21:01:04+00:00,ceeinject
c0b5d1e6bf0a06ffdea03124c0a4727403293606041567a5dbafe38d155f9d39,trojan,2020-08-03 21:01:05+00:00,ceeinject
e8a42ca003dfc7d44381f2b6c158d96ff9a6fa5fe36a547db274e509b2b68c51,trojan,2020-08-03 21:01:06+00:00,ceeinject
51f8ae3ee20df086dcd907749d5cc8e6fb5752b8d4ca9993a1973bf67473aefe,trojan,2020-08-04 03:03:17+00:00,ceeinject
56cb02130254a0600f265bf9c778489fae6cb331c33bc2a9c497b91aa36bbb10,trojan,2020-08-04 03:03:17+00:00,ceeinject
4f2b7e3b6c1d48449742afbf549607e5810d730d5a59a61ba4f9e2fb2a297015,trojan,2020-08-04 03:03:18+00:00,ceeinject
807374d63beb66e7cb1f6a6ec3b57bb7accf45a541e2fbd7f1470b30df79a5a8,trojan,2020-08-04 03:03:19+00:00,ceeinject
a70cb429a93089a9b9e9a3ed0a9cdee8a2d6ffd2f650d17143904b7877131561,trojan,2020-08-04 03:03:21+00:00,ceeinject
ee06fc55d375a80bb05cb49d1cb2a9929f5beb3b13acf0766d1520b9d9d3ef58,trojan,2020-08-04 03:03:27+00:00,ceeinject
874da42abad37b8ff6014622a19f4caa452ae1063c23aaeb11c7ef36bad4435a,trojan,2020-08-04 15:01:19+00:00,ceeinject
2f6842afdec82fabe241e1d48adedb22204672626fb01ebdac0ad53f67b2c0e3,trojan,2020-08-04 21:02:26+00:00,ceeinject
f59ec4152188c17616b1818ec25d64495b66a3e7b322854d7fc5f30505a480a5,trojan,2020-08-05 15:00:25+00:00,ceeinject
bc2f99e21c172fad3307a5625a8892f7ecf176370c23492f984708981662d13a,trojan,2020-08-05 15:00:35+00:00,ceeinject
add4edd905bb13d2ce4be4444a3537d954e46e633dfea1ed03a4ecef4eddc61d,trojan,2020-08-05 15:00:40+00:00,ceeinject
227d3bfea5e9aa0887fdf9157f7e0ef5704aa0e4a070be444b9380c64848e9e8,trojan,2020-08-05 15:01:32+00:00,ceeinject
e0f9df7af2e507ffaeebecc3e829a6ab055ef1385ad3e3f1edb48943985e0a05,trojan,2020-08-05 15:01:55+00:00,ceeinject
fa423ff0c85dbb435e4881a4d6b553ce721cc2686751ce1a69f1e86fb10bc757,trojan,2020-08-05 21:03:05+00:00,ceeinject
c9705703da3ccad93417934b182890ebb4d168f34eeefa2e4ec848ee8d8fe844,trojan,2020-08-05 21:03:16+00:00,ceeinject
b5673e0d09c6d8af3f58c242c6f3e1f39caf04aa8006e548289127db7240a019,trojan,2020-08-07 15:01:46+00:00,ceeinject
c85c44edf4691afd7bbda1aec7f951820574725be850fe35fb78b2be6f6f3488,trojan,2020-08-07 15:01:47+00:00,ceeinject
5b9b79fbf1580652c138e90797fd21311fcc93a271fe3c4bc27ad3cc71896d59,trojan,2020-08-07 15:01:48+00:00,ceeinject
378b7170b8ed0429463cd468e20ef7599072a69feb39aea2493f94f0dd818f47,trojan,2020-08-07 15:01:48+00:00,ceeinject
7282aea7e13469aae9cd312a7e1fe5ebbcb652bad33fbf4116cccacd3b8e4a75,trojan,2020-08-07 15:01:49+00:00,ceeinject
41cd928619ddd6f418ed14026ff642c7e669e48d31f3ddc0726bb19585672bf1,trojan,2020-08-07 15:01:50+00:00,ceeinject
dc233c9bf6b38fecd527392dc2dca7b252fa02a6451eb1720df9e2f490b95eac,trojan,2020-08-07 15:01:50+00:00,ceeinject
be5b6ee3d9e7674f922dfe80c24922e8cafa6387d593acb676227a263e2d4cef,trojan,2020-08-08 03:04:29+00:00,ceeinject
8aed20c96313b9fa1e8f0b5cd9ab83c32582ec9c16323e95d52cb0e857468435,trojan,2020-08-08 03:04:36+00:00,ceeinject
befa4eb84bea9f5a276007afe3c2f50c2ac335a105f23ecf6ee84d01c8425b6e,trojan,2020-08-08 03:04:45+00:00,ceeinject
20205b3c0abb6436bbf8ad81286b8f526fe0c452b63465d30b45c5b26a14a45f,trojan,2020-08-08 20:51:55+00:00,ceeinject
d8f2d404eb8deea016383e3cb1bb43757bc30a56cda863737ccd4187867ee11d,trojan,2020-08-09 15:00:50+00:00,ceeinject
2dfae4504ddcd9dac4ec8b4bc86c96687fa26e4f09d8321b3290dff1d446594d,trojan,2020-08-09 15:00:50+00:00,ceeinject
05bb006c900d18b01cbcb7210a7cf3548f73e95781ccf1f2029879708282d38d,trojan,2020-08-09 15:00:50+00:00,ceeinject
6f5589ba78904046dab999d90861b821a654426eb0dd53f222a802544b31f3cb,trojan,2020-08-09 15:00:50+00:00,ceeinject
6001ec8c60b0e2b2a2cf00e376181d5c25756232a2dbc4d3f02885282fa6e44c,trojan,2020-08-09 15:00:50+00:00,ceeinject
aa5775c672c8218bc0d8da69ffe77df8cb1f624a5a3e5bcef23418662812a5b4,trojan,2020-08-09 15:00:50+00:00,ceeinject
6ae6202ae91d956d55aaaae818f24ad079814a8ed3a5cfe5281f48992ceff6bc,trojan,2020-08-09 15:00:50+00:00,ceeinject
a8d34df1b294187beefaca93c2bf37b487e3819cf41dba0886364b26b2197785,trojan,2020-08-09 15:00:50+00:00,ceeinject
af1dd186aeda109a7e1922e7c3ace83409c3b4021a051988baa5eec74f1a464e,trojan,2020-08-09 15:00:50+00:00,ceeinject
a20c46c309abc7ccd92a897b62618de4dbe9ffe5fdac05eac944c6fb028861cd,trojan,2020-08-09 15:00:51+00:00,ceeinject
7bff9a48d27f377269848bbaae77726d8edfb428b6126a94100d555f6478a288,trojan,2020-08-09 15:00:51+00:00,ceeinject
67bf113c2e04c0927e2b6eda783d1007f475f8689c2bc264031e182071a75a38,trojan,2020-08-09 15:00:51+00:00,ceeinject
a303c819514b371ace2529c331dcef8972f97dc3ea52fdab7d9e30817faab63f,trojan,2020-08-09 15:00:51+00:00,ceeinject
c6064a88544bb945d606cbaf5f34f988f6dc55e6d6920e647c9b50f18abc6d1c,trojan,2020-08-09 15:00:51+00:00,ceeinject
3db7d1dea1dda19b0b9b6de3bf59361170ed34e7c447a1c2190df6195c3d36e6,trojan,2020-08-09 15:00:51+00:00,ceeinject
156df460c6e839b8b65f735b544ddaa09bd063a2c333226a34b5c4b8a644757f,trojan,2020-08-09 15:00:52+00:00,ceeinject
83f14fd4490ad801db86f807903e786a0df094fbd96d99303b749279b687f922,trojan,2020-08-09 15:00:52+00:00,ceeinject
d8f036235504e371d40874f06931dba8196a28f8ad46fa9b4d7b845b9a91a58d,trojan,2020-08-09 15:00:52+00:00,ceeinject
fd8045ddf5160c82b36769be4ea1ddf89f6de675a8c00e3134a1f8a935d616e0,trojan,2020-08-09 15:00:52+00:00,ceeinject
d52de09720a69f2f26cdf9f4dc512c3cf8be27537f288967335b81bd16b78111,trojan,2020-08-09 15:00:53+00:00,ceeinject
169b0b69eec38c4cc0b7fb01528b3d464a845c8898979dc5586b24d8f7bb8d16,trojan,2020-08-09 15:00:53+00:00,ceeinject
cbe1fa66af02d76ef9e9ddc586a266af09d8c2589c1dc8cdbab468aa8e08dcd5,trojan,2020-08-09 15:00:53+00:00,ceeinject
fcbc1a60fe08aee3cfd0dc640e409e4bb67fceb472350d06ad79acc39dcc98c2,trojan,2020-08-09 15:00:54+00:00,ceeinject
a8cb21767df08b9d7484cb9f969b3dc8b68bb2dc787fe9e1f311147545f192dd,trojan,2020-08-09 15:00:54+00:00,ceeinject
5a7a3360e7697c8d40f6cb79494ccff28ba2096702e71c62f66a5a5dbc20f284,trojan,2020-08-09 21:02:16+00:00,ceeinject
9d2609fe403a104a91b8a1f875ddd800e8bb336a481b5c2ce026d2a2cb82bc16,trojan,2020-08-11 14:58:12+00:00,ceeinject
8deabd01eae24f78c37ce4791560feefb2ff686fe464c1036b22eeed879fd48a,trojan,2020-08-11 21:03:42+00:00,ceeinject
b13b9af7fc1351f663ce777c2f252ecbd3baeba97f0747a3a12585a32d00708c,trojan,2020-08-17 15:02:07+00:00,ceeinject
96e4a524e2e3de72aae3a375bccf61cff8196497a7660bb1ed63daa96594455c,trojan,2020-08-18 03:04:28+00:00,ceeinject
4e079bce0989c34c7157209c9272171f68bc0d105b842441888cb13a3a95ea29,trojan,2020-08-18 03:04:38+00:00,ceeinject
deea00c1b0c146185defbdadecf4d73e8543e3a93de11e6ccde9721cd7e2dc96,trojan,2020-08-18 03:04:50+00:00,ceeinject
b78a8e49894b3939d342fface7c20b99868bfa9a5bb8b437db18ab642c5929c8,trojan,2020-08-18 15:01:23+00:00,ceeinject
b5ac34f71b8c8baafbd974372258239ae68605f77d2cb12d0eb0f0ffda0807d6,trojan,2020-08-18 15:01:33+00:00,ceeinject
96ba26250c8a1c2938d0c0bc7f7e4699c7075f3d2fd72743f5d368b9e22646ab,trojan,2020-08-19 15:01:17+00:00,ceeinject
c121c1bc6fb937b7a1aac9f235a234d4b921305c00eba198bf3474812aa7bf2c,trojan,2020-08-19 21:02:37+00:00,ceeinject
ebc3689298619555f81f6deb1df2e63ac2ab43338f48658292c3a2c723a1b746,trojan,2020-08-19 21:02:37+00:00,ceeinject
9bd77c76ee012951060b0e6ef4ad114544aa9009233078417d22c2d71b7f2dd0,trojan,2020-08-19 21:02:38+00:00,ceeinject
ae592c2e2897d95b331825a30619b00af8ba36b26dd2debc5e5acb8adf5b8c83,trojan,2020-08-19 21:02:38+00:00,ceeinject
be95ce625a8c9ebb697411cc908379ef5ab4ea8a8772cfc1da82d6ea52e61228,trojan,2020-08-19 21:02:38+00:00,ceeinject
0df4d714ec3db08c76a36054c4d48fbe9e74a537940c74d70f0bbe3481c99258,trojan,2020-08-19 21:02:39+00:00,ceeinject
4631bdb8955cb37876bb78c649e905a734fff6203309cdff2e55022f9290b050,trojan,2020-08-19 21:02:39+00:00,ceeinject
4053e4a77b8212050b29e4db7c5f48307df2e312df9d8feb1c3d93af0e24cc7f,trojan,2020-08-19 21:02:39+00:00,ceeinject
8b40c0a9b9bfd9a5637a06bf4a4d7fcfd4f35c979892ea6c9b227a8d1fba0a8d,trojan,2020-08-19 21:02:40+00:00,ceeinject
1124c8cbb0ba0648258b73dbeb0dd370b932b5d24e36babc26e62036ba1001f0,trojan,2020-08-19 21:02:40+00:00,ceeinject
5f2e1b14737186ccfa2d483b3deca87a2d97b43f4948f62349ae4c6dea82991f,trojan,2020-08-19 21:02:40+00:00,ceeinject
012dcc123574a381f0b0fd1e6ae998709bc2b3f4f0c52d3f9b0dd2365abd72f2,trojan,2020-08-19 21:02:40+00:00,ceeinject
362ea8118d0fae523137ce68712fc3783d821c1acc5551261472bad28313952f,trojan,2020-08-19 21:02:41+00:00,ceeinject
31c14b75d566fb616d576732e007a44d6b4a2e97e63b90b2816beb9ce27af57d,trojan,2020-08-19 21:02:41+00:00,ceeinject
683139d2f0ffd92ea5327d96dd27a23a22a00a54df7c0e0c431906eac471ad63,trojan,2020-08-19 21:02:42+00:00,ceeinject
6386404b463574dcb7d4afd5c50fdcd0173f91bc18ce0d0cae471b544b3aa697,trojan,2020-08-19 21:02:42+00:00,ceeinject
131912bd334085cdb7d9beddf7d73fc377046bdd7104e4f2a0e63a5c06928e99,trojan,2020-08-19 21:02:44+00:00,ceeinject
de1208615566c489cfe2b83ed9c70c2a0c35096dc9f85a67ba73142c1b3e567d,trojan,2020-08-19 21:02:45+00:00,ceeinject
8612e79128fd121c67b3818ad4df709897fb92e862775a34bdec462b20787e24,trojan,2020-08-20 02:56:40+00:00,ceeinject
bad1e9b6499686c55b1f12d56e8eedfcda8a78a80038e73f88d30c35c143aa50,trojan,2020-08-20 03:03:51+00:00,ceeinject
fd02baf888641b2827339f1eab3ad8b513fcec9142365605f6c775cd70660091,trojan,2020-08-20 03:03:51+00:00,ceeinject
0aa8de1a5738d43bdb890fb7e28d8dfdc36fa8bc756e082fb1d25a84d7d94dd9,trojan,2020-08-20 03:03:52+00:00,ceeinject
7a3d90b0a6e05d8e840a84cd5a45dd443af0dcf80b41f8d073c418c93910f925,trojan,2020-08-20 03:03:52+00:00,ceeinject
efecc361239423a182c554808bdab643fb620412ae3d20c8c132d9bd821b6985,trojan,2020-08-20 03:03:52+00:00,ceeinject
497d78abb9dabf7ebfa23dceaeb585693e9c2f6503434382cb7a4a7b6fa706a6,trojan,2020-08-20 03:03:52+00:00,ceeinject
311e0b41dc38bb8c4672f3980b142c1c55e2b536b35d4a23ca632d54c6a7e576,trojan,2020-08-20 03:03:52+00:00,ceeinject
504eea8fecaa4567412a6cf82d88891a8d9a7e0208ae0269d5a4047c85807678,trojan,2020-08-20 03:03:52+00:00,ceeinject
d3be736aadb4573ab192d88c1b39aec161d1c35bcbaa6914c397149e1db9c54b,trojan,2020-08-20 03:03:52+00:00,ceeinject
64ad3fec2eaf8cda7f2ba0d54fe583dc8f5780fdcc73699ad402a662160089de,trojan,2020-08-20 03:03:53+00:00,ceeinject
ab7d3df024d39a640103c31d9419fd127a37746d0939832fac2c525e9757b6df,trojan,2020-08-20 03:03:53+00:00,ceeinject
bf8ce5125d86e2d823722584a6326981c8d8b3ea2a8924915de47976735f1e82,trojan,2020-08-20 03:03:53+00:00,ceeinject
873d56379aaf792af1509d2684ad15dbf63b27e71d9352f662f6d23367261d4d,trojan,2020-08-20 03:03:53+00:00,ceeinject
516c481511f1a3bdd1e1c41f07a905cb1e7c90071a86fd2e11e6bc2ae8d05573,trojan,2020-08-20 03:03:53+00:00,ceeinject
8c0541cefb25094ff236fd1fefdb6f4e96f84fe077f4f2c393825ca59c66401b,trojan,2020-08-20 03:03:53+00:00,ceeinject
d1356224a9d9e16270947f3bf1e63ce294e39a4827e559f02c695fdbacc4cd6f,trojan,2020-08-20 03:03:53+00:00,ceeinject
d504874b2c5d7df771903adc72361438733a31187e75aa447edf058671f836cd,trojan,2020-08-20 03:03:54+00:00,ceeinject
946413cd52937a9fea19a44bede757c634a6f1746830b8ec3bbcdd6cb3e61239,pua,2020-08-20 03:03:54+00:00,ceeinject
b09f0b0a7422d88862872cb5d483fee8b21b4b25af55a9fda7f3aede4b5964ec,trojan,2020-08-20 03:03:54+00:00,ceeinject
c6a4dbdd4d9b405ed80a720bb03bd705b4a7afd63036632619ffa408bedbf16b,trojan,2020-08-20 03:03:54+00:00,ceeinject
3cf11617f7791766984d58888c2586576434d60b0b569f46d5c490877b43b3b0,trojan,2020-08-20 03:03:54+00:00,ceeinject
7def0f5d520bab35bdb3d411dc5cc19b7da6341fccaa1aac1a6d080fbdb8c990,trojan,2020-08-20 03:03:54+00:00,ceeinject
0df448ccc024ff5f96e89a7398129c8595c01652044f43d915aceccec9d86b87,trojan,2020-08-20 03:03:55+00:00,ceeinject
e3dc9c1ee0079026e7abf454c8227f768c284e01ad839e956ffdd7b0647ab737,trojan,2020-08-20 03:03:55+00:00,ceeinject
88b3e62c9aebb15f45ee4168ed50aefe12c9fc7890f1153d0a5885f12d1d84fe,trojan,2020-08-20 03:04:19+00:00,ceeinject
96426915e41382e4d19abbf84ee0e07695211d5509ce6b7923479bfb6a2a1ab2,trojan,2020-08-24 15:02:35+00:00,ceeinject
e26681e40f6ec902963b197049f61766173458cb994a2508e0f84a05888ce35d,trojan,2020-08-24 21:03:30+00:00,ceeinject
8460b5ce4027afc8c5fe74c6ade01557c7dea22c782604eaf1d2e24b8067553d,trojan,2020-08-24 21:03:31+00:00,ceeinject
d91e71635a6ee417aa142f186daee5a274faed2b840307a72150ed2b69c0ab08,trojan,2020-08-24 21:03:31+00:00,ceeinject
c5202b5cc597e1277b1cb3eb8e41a5b154cdd985ef1c777e8aa9857552c6f28d,trojan,2020-08-24 21:03:31+00:00,ceeinject
69e3c50fcd5f7ef6f9c353d1a86621bf0fda127bf5efb579b007c3b0eb991a0c,trojan,2020-08-24 21:03:31+00:00,ceeinject
f9c5d8df26126e1859a8155a415e1a2b98cecf5074a38536855ffdc5141ccffe,trojan,2020-08-24 21:03:31+00:00,ceeinject
bc83604b4407ffaeba455e4486ade39bce003393a60d5d6f03f89c5874992033,trojan,2020-08-24 21:03:31+00:00,ceeinject
768fb45994e6b939252065abe77b0479f1194ec2968a0f54dfd479b3e3e4db86,trojan,2020-08-24 21:03:31+00:00,ceeinject
c443acb7876c1e5b13158cc5844bdb918afaf104e401d598fa96ad7cfe5ad6ee,trojan,2020-08-24 21:03:31+00:00,ceeinject
7bb54f4532265a3a2ed0ab41aef96ab4ff2de00b04d9f8ee5b77dd3cf95c07f0,trojan,2020-08-24 21:03:31+00:00,ceeinject
1c034390cd204eafe5f1865b62f40f0c61cd2f74bbda8952e0d58b76823b2613,trojan,2020-08-24 21:03:31+00:00,ceeinject
6ba69151147b025e0c1d355923d8be448ca889613dd788bc8b89739bfa25ecd8,trojan,2020-08-24 21:03:32+00:00,ceeinject
e15c16e2c9d240b27bf63dfb1da7402b13957f98a9f3c1a8d324374f88922ebe,trojan,2020-08-24 21:03:32+00:00,ceeinject
a27f405fac26e026a349d79b01cc7691ab28a3fe8388f4b3de57a0acc1789485,trojan,2020-08-24 21:03:32+00:00,ceeinject
bbd83337e6b833e95f9a18a57a21ffc3013afe6c163edc4711d12d7daaf57b82,trojan,2020-08-24 21:03:33+00:00,ceeinject
80b50492e9f84ba4c1dbccc886e77461855d8da07a81fa781b60f17579a50984,trojan,2020-08-24 21:03:33+00:00,ceeinject
ba349fdce78269a9f9d0748e15e846e9172706eb500d0d9a1b1ef00b16ac3d9c,trojan,2020-08-24 21:03:33+00:00,ceeinject
6224671438dadb1605a08ce06dfbc3217a15bc59ffaf194bfb3882b4245f1869,trojan,2020-08-24 21:03:33+00:00,ceeinject
dafe54c849fd177abeb4683aedac55ed83e6947571f1c91b3b7e6eec120ecdf5,trojan,2020-08-24 21:03:33+00:00,ceeinject
efd29d122f5190d03d0eb23301ecc55cb2fd1f1a218e55afd359a0fc06b19690,trojan,2020-08-24 21:03:33+00:00,ceeinject
ba80321e89d642160eb7acec066a78a220e1de911c6b473f60607f1928335e4a,trojan,2020-08-24 21:03:33+00:00,ceeinject
c04b0b64d682e4aef5148fda887c5d4dc5c67093fac9f2dea4feb9afe31f644f,trojan,2020-08-24 21:03:34+00:00,ceeinject
465cb1f8dcb40e8db0d16eda863239a6b4ef6eabd66e568d1a02ec85e6756661,trojan,2020-08-24 21:03:34+00:00,ceeinject
6b0459622c37bacb8cc305e45217d5f5595e8a14c05b9142b4ed329bd90d32db,trojan,2020-08-24 21:03:34+00:00,ceeinject
33690faeabffadb67c853ce235a5e9d1bf1b5a97dea678c062ed399055a48ba5,trojan,2020-08-24 21:03:35+00:00,ceeinject
1d8256a08013caf770b5ac8ba33854bc2a9b40d7fefa99756ff70185e88d2ab0,trojan,2020-08-24 21:03:51+00:00,ceeinject
40792a2c86cb950fc50cdf17cb9ff5c2c35452a16f515810323ee9a0272b69d3,trojan,2020-08-25 02:51:44+00:00,ceeinject
4f57f788eb9cb73977c5aea605a0e29497dd3ef2c92dac8e25142aa698e7a4e3,trojan,2020-08-25 03:05:08+00:00,ceeinject
bec16f1d55b070502e7ec048ff3f46cd0423a8de8277d9b622bf2e7afc3753d3,trojan,2020-08-25 03:05:12+00:00,ceeinject
ca94701d72b5c6ca1e6de0c024e3f1a842f9ec8555e3cf886273fdca791a223e,trojan,2020-08-25 15:01:18+00:00,ceeinject
3b2d22c7653a1ac4ef8802568ce7f470ff799c012764064e578f5f38c26edaa4,trojan,2020-08-25 15:01:21+00:00,ceeinject
854bc43d4676f356666a037fc360da9d87cd6c804754e2b9f6dc125ddf75c018,trojan,2020-08-25 15:01:31+00:00,ceeinject
8e1e2aa9c558dfda60301a107ec22a0ffb5c90116aa3c610617fe910b0af6401,trojan,2020-08-25 15:01:35+00:00,ceeinject
28fb4a36e89aae58f6fb7a7abb7269c6111755593546e3bc337e3377e6174371,trojan,2020-08-25 15:01:47+00:00,ceeinject
a8b17db28f68ce0615c2f04f9adfb530bd5be1106ce80bc902d80f07ac9eb4ba,trojan,2020-08-25 15:01:53+00:00,ceeinject
ba5cc9b8e35c7648554367388038bb0cdf4df8855f07ebf6f6c82a50991d395d,trojan,2020-08-25 21:03:33+00:00,ceeinject
d805b8b0ffdd334a055a88220c46b9e9b1d0cb1830aeafaa1d2323da47905ba6,trojan,2020-08-25 21:03:41+00:00,ceeinject
e7da175ea342de3b892b842afa977e06a3724dead79184e2b0fd9a380ee5ad7d,trojan,2020-08-25 21:03:42+00:00,ceeinject
16d67f25448153a554b828da626c0cac034690daf17b166264c758dae8d9bace,trojan,2020-08-26 03:05:50+00:00,ceeinject
245883624831142dde5bc2bada103b03602a4a3f71d88764d840fd4e6b64d383,trojan,2020-08-26 15:00:24+00:00,ceeinject
4f1249ccabffb1d4c23e5d97df62816c85b7fdccfb62c76ef55a60d428a70c3d,trojan,2020-08-26 15:00:47+00:00,ceeinject
df50e1fcf3d5a3b82d073a32fb10d28b05fd07eaec840555d63b7ebfeb55a5e9,trojan,2020-08-26 21:02:41+00:00,ceeinject
862bbcb24ddfae84d9a16bb2c10c596ceb9b35083fbba6575cfeeb837a90b0e2,trojan,2020-08-26 21:02:41+00:00,ceeinject
8f92f748e8ba8f611870804f74ffca612c6e283d6a2e30407055f976a74b98ba,trojan,2020-08-26 21:02:41+00:00,ceeinject
7bd4171dc6806f6f055c0e4f171580adfb4ec6d512ab64a5c561258ebc5d9088,trojan,2020-08-26 21:02:41+00:00,ceeinject
be43cb6d146f719bea0c08b2e051aa2260aee9dbf5369a39978ee3a62813e1e4,trojan,2020-08-26 21:02:42+00:00,ceeinject
80805597247c17188b1d69ffda9ca1fa14eb765757ad4fa4253d6cf880a24ee7,trojan,2020-08-26 21:02:42+00:00,ceeinject
0d5173a6143d68520259da27191f0c3d4be65cc48d58e0dc2a433594d68e70d1,trojan,2020-08-26 21:02:42+00:00,ceeinject
428e940e88510abccae8b831bb93c98078082ca5c14cdfb3df6a697f65054ecc,trojan,2020-08-26 21:02:43+00:00,ceeinject
f2d89d4a8ee3033a28955f1d82eabff08eb5202e0d87ce25e98d75b22bf0337b,trojan,2020-08-26 21:02:43+00:00,ceeinject
397d48c9c9c6bbf89cdfd6494224197908b0c55b39b18bbc81c71cd3f068c8cb,trojan,2020-08-26 21:02:44+00:00,ceeinject
236bd734d3862623863bd02629f4ae0616b39d76430297a4c73fcf5b94267370,trojan,2020-08-26 21:02:44+00:00,ceeinject
5d63ffcb81e190b3bb83bde4102138cc72de03f7fc02774223a518870fa97a2e,trojan,2020-08-26 21:02:47+00:00,ceeinject
5521fe4ed0e968b55a5a0231e1ec3a20ca86a64d0fc49d548255b4098630df8b,trojan,2020-08-26 21:02:47+00:00,ceeinject
313d49abe1f53ce5e7f365d6de93c4dee15c709fd0198eaf81fdbd90d2322b87,trojan,2020-08-26 21:02:47+00:00,ceeinject
c6826cc6b48402b263e5869222fc61cc15181ad93e8812d3356999f329e10411,trojan,2020-08-26 21:02:48+00:00,ceeinject
